{"0": {"起点": {"编号": 0, "x轴": -24.933801651000977, "y轴": -1.2521820068359375}, "终点": {"编号": 2, "x轴": -24.933801651000977, "y轴": 83.9437255859375}}, "1": {"起点": {"编号": 0, "x轴": -24.933801651000977, "y轴": -1.2521820068359375}, "终点": {"编号": 1, "x轴": 87.33679962158203, "y轴": -0.41361933946609497}}, "2": {"起点": {"编号": 1, "x轴": 87.33679962158203, "y轴": -0.41361933946609497}, "终点": {"编号": 3, "x轴": 87.56041717529297, "y轴": 84.2791519165039}}, "3": {"起点": {"编号": 2, "x轴": -24.933801651000977, "y轴": 83.9437255859375}, "终点": {"编号": 3, "x轴": 87.56041717529297, "y轴": 84.2791519165039}}, "4": {"起点": {"编号": 2, "x轴": -24.933801651000977, "y轴": 83.9437255859375}, "终点": {"编号": 4, "x轴": -24.933801651000977, "y轴": 119.7223892211914}}, "5": {"起点": {"编号": 4, "x轴": -24.933801651000977, "y轴": 119.7223892211914}, "终点": {"编号": 5, "x轴": -24.933801651000977, "y轴": 213.58944702148438}}, "6": {"起点": {"编号": 4, "x轴": -24.933801651000977, "y轴": 119.7223892211914}, "终点": {"编号": 6, "x轴": -154.63143920898438, "y轴": 119.7223892211914}}, "7": {"起点": {"编号": 7, "x轴": -154.63143920898438, "y轴": -115.02143096923828}, "终点": {"编号": 8, "x轴": -154.63143920898438, "y轴": -244.85504150390625}}, "8": {"起点": {"编号": 8, "x轴": -154.63143920898438, "y轴": -244.85504150390625}, "终点": {"编号": 9, "x轴": -25.95703125, "y轴": -244.85504150390625}}, "9": {"起点": {"编号": 6, "x轴": -154.63143920898438, "y轴": 119.7223892211914}, "终点": {"编号": 12, "x轴": -154.63143920898438, "y轴": 213.3618621826172}}, "10": {"起点": {"编号": 13, "x轴": -95.51283264160156, "y轴": -1.2521820068359375}, "终点": {"编号": 14, "x轴": -154.67808532714844, "y轴": -1.2521820068359375}}, "11": {"起点": {"编号": 13, "x轴": -95.51283264160156, "y轴": -1.2521820068359375}, "终点": {"编号": 15, "x轴": -95.51283264160156, "y轴": -115.29280853271484}}, "12": {"起点": {"编号": 1, "x轴": 87.33679962158203, "y轴": -0.41361933946609497}, "终点": {"编号": 18, "x轴": 170.634033203125, "y轴": -1.2521820068359375}}, "13": {"起点": {"编号": 3, "x轴": 87.56041717529297, "y轴": 84.2791519165039}, "终点": {"编号": 19, "x轴": 170.71900939941406, "y轴": 83.9437255859375}}, "14": {"起点": {"编号": 0, "x轴": -24.933801651000977, "y轴": -1.2521820068359375}, "终点": {"编号": 13, "x轴": -95.51283264160156, "y轴": -1.2521820068359375}}, "15": {"起点": {"编号": 0, "x轴": -24.933801651000977, "y轴": -1.2521820068359375}, "终点": {"编号": 20, "x轴": -25.592313766479492, "y轴": -115.02143096923828}}, "16": {"起点": {"编号": 21, "x轴": 92.02774810791016, "y轴": -115.02143096923828}, "终点": {"编号": 22, "x轴": 87.48272705078125, "y轴": -115.02143096923828}}, "17": {"起点": {"编号": 16, "x轴": 170.61582946777344, "y轴": -115.02143096923828}, "终点": {"编号": 21, "x轴": 92.02774810791016, "y轴": -115.02143096923828}}, "18": {"起点": {"编号": 17, "x轴": 92.3499755859375, "y轴": -244.53277587890625}, "终点": {"编号": 21, "x轴": 92.02774810791016, "y轴": -115.02143096923828}}, "19": {"起点": {"编号": 1, "x轴": 87.33679962158203, "y轴": -0.41361933946609497}, "终点": {"编号": 22, "x轴": 87.48272705078125, "y轴": -115.02143096923828}}, "20": {"起点": {"编号": 9, "x轴": -25.95703125, "y轴": -244.85504150390625}, "终点": {"编号": 20, "x轴": -25.592313766479492, "y轴": -115.02143096923828}}, "21": {"起点": {"编号": 20, "x轴": -25.592313766479492, "y轴": -115.02143096923828}, "终点": {"编号": 22, "x轴": 87.48272705078125, "y轴": -115.02143096923828}}, "22": {"起点": {"编号": 6, "x轴": -154.63143920898438, "y轴": 119.7223892211914}, "终点": {"编号": 14, "x轴": -154.67808532714844, "y轴": -1.2521820068359375}}, "23": {"起点": {"编号": 7, "x轴": -154.63143920898438, "y轴": -115.02143096923828}, "终点": {"编号": 14, "x轴": -154.67808532714844, "y轴": -1.2521820068359375}}, "24": {"起点": {"编号": 9, "x轴": -25.95703125, "y轴": -244.85504150390625}, "终点": {"编号": 17, "x轴": 92.3499755859375, "y轴": -244.53277587890625}}, "25": {"起点": {"编号": 10, "x轴": 170.53225708007812, "y轴": -244.85504150390625}, "终点": {"编号": 17, "x轴": 92.3499755859375, "y轴": -244.53277587890625}}, "26": {"起点": {"编号": 10, "x轴": 170.53225708007812, "y轴": -244.85504150390625}, "终点": {"编号": 16, "x轴": 170.61582946777344, "y轴": -115.02143096923828}}, "27": {"起点": {"编号": 16, "x轴": 170.61582946777344, "y轴": -115.02143096923828}, "终点": {"编号": 18, "x轴": 170.634033203125, "y轴": -1.2521820068359375}}, "28": {"起点": {"编号": 18, "x轴": 170.634033203125, "y轴": -1.2521820068359375}, "终点": {"编号": 19, "x轴": 170.71900939941406, "y轴": 83.9437255859375}}, "29": {"起点": {"编号": 11, "x轴": 170.53225708007812, "y轴": 213.61993408203125}, "终点": {"编号": 19, "x轴": 170.71900939941406, "y轴": 83.9437255859375}}, "30": {"起点": {"编号": 5, "x轴": -24.933801651000977, "y轴": 213.58944702148438}, "终点": {"编号": 11, "x轴": 170.53225708007812, "y轴": 213.61993408203125}}, "31": {"起点": {"编号": 5, "x轴": -24.933801651000977, "y轴": 213.58944702148438}, "终点": {"编号": 12, "x轴": -154.63143920898438, "y轴": 213.3618621826172}}, "32": {"起点": {"编号": 7, "x轴": -154.63143920898438, "y轴": -115.02143096923828}, "终点": {"编号": 15, "x轴": -95.51283264160156, "y轴": -115.29280853271484}}, "33": {"起点": {"编号": 15, "x轴": -95.51283264160156, "y轴": -115.29280853271484}, "终点": {"编号": 20, "x轴": -25.592313766479492, "y轴": -115.02143096923828}}}